1111014,PENDIDIKAN DOKTER HEWAN,111
1111022,TEKNIK SIPIL,111
1111037,TEKNIK MESIN,111
1111045,TEKNIK KIMIA,111
1111053,ARSITEKTUR,111
1111061,TEKNIK ELEKTRO,111
1111076,AGROTEKNOLOGI,111
1111084,AGRIBISNIS,111
1111092,PETERNAKAN,111
1111103,TEKNOLOGI HASIL PERTANIAN,111
1111111,TEKNIK PERTANIAN,111
1111126,PENDIDIKAN BIOLOGI,111
1111134,PENDIDIKAN MATEMATIKA,111
1111142,PENDIDIKAN FISIKA,111
1111157,PENDIDIKAN KIMIA,111
1111165,PENDIDIKAN DOKTER,111
1111173,ILMU KEPERAWATAN,111
1111181,PENDIDIKAN DOKTER GIGI,111
1111196,MATEMATIKA,111
1111207,FISIKA,111
1111215,KIMIA,111
1111223,BIOLOGI,111
1111231,ILMU KELAUTAN,111
1111246,BUDIDAYA PERAIRAN,111
1111254,TEKNIK INDUSTRI,111
1111262,INFORMATIKA,111
1111277,FARMASI,111
1111285,TEKNIK GEOFISIKA,111
1111293,TEKNIK PERTAMBANGAN,111
1111304,STATISTIKA,111
1111312,PEMANFAATAN SUMBERDAYA PERIKANAN,111
1111327,ILMU TANAH,111
1111335,TEKNIK GEOLOGI,111
1111343,AGROTEKNOLOGI (PSDKU GAYO LUES),111
1111351,PENDIDIKAN BIOLOGI  (PDSKU GAYO LUES),111
1111366,KEHUTANAN (PSDKU GAYO LUES),111
1111374,PROTEKSI TANAMAN,111
1111382,PERENCANAAN WILAYAH DAN KOTA,111
1111397,KEHUTANAN,111
1111401,TEKNIK KOMPUTER,111
1121016,TEKNIK SIPIL,112
1121024,TEKNIK MESIN,112
1121032,TEKNIK KIMIA,112
1121047,TEKNIK ELEKTRO,112
1121055,TEKNIK INDUSTRI,112
1121063,TEKNIK INFORMATIKA,112
1121071,TEKNIK ARSITEKTUR,112
1121086,AGROEKOTEKNOLOGI,112
1121094,AGRIBISNIS,112
1121105,AKUAKULTUR,112
1121113,KEDOKTERAN,112
1121121,PENDIDIKAN FISIKA,112
1121136,PENDIDIKAN KIMIA,112
1121144,PENDIDIKAN MATEMATIKA,112
1121152,PENDIDIKAN VOKASIONAL TEKNIK MESIN,112
1121167,SISTEM INFORMASI,112
1121175,ILMU KELAUTAN,112
1121183,TEKNIK MATERIAL,112
1131011,TEKNIK SIPIL,113
1131026,TEKNIK MESIN,113
1131034,TEKNIK INDUSTRI,113
1131042,AGRIBISNIS,113
1131057,AGROTEKNOLOGI,113
1131065,PERIKANAN,113
1131073,KESEHATAN MASYARAKAT,113
1131081,AKUAKULTUR,113
1131096,SUMBER DAYA AKUATIK,113
1131107,TEKNOLOGI HASIL PERTANIAN,113
1131115,ILMU KELAUTAN,113
1131123,TEKNOLOGI INFORMASI,113
1131131,GIZI,113
1141013,AGROTEKNOLOGI,114
1141021,AGRIBISNIS,114
1141036,BUDIDAYA PERAIRAN,114
1141044,PENDIDIKAN MATEMATIKA,114
1141052,PENDIDIKAN FISIKA,114
1141067,PENDIDIKAN KIMIA,114
1141075,PENDIDIKAN BIOLOGI,114
1141083,TEKNIK MESIN,114
1141091,TEKNIK SIPIL,114
1141102,TEKNIK INDUSTRI,114
1141117,TEKNIK INFORMATIKA,114
1141125,MATEMATIKA,114
1141133,FISIKA,114
1141141,KIMIA ,114
1141156,BIOLOGI,114
1161017,PENDIDIKAN TEKNIK ELEKTRO,116
1161025,PENDIDIKAN TEKNOLOGI INFORMATIKA,116
1161033,ARSITEKTUR,116
1161041,TEKNIK LINGKUNGAN,116
1161056,BIOLOGI,116
1161064,KIMIA,116
1161072,TEKNOLOGI INFORMASI,116
1211015,PENDIDIKAN DOKTER,121
1211023,TEKNIK SIPIL,121
1211031,TEKNIK MESIN,121
1211046,TEKNIK ELEKTRO,121
1211054,TEKNIK INDUSTRI,121
1211062,TEKNIK KIMIA,121
1211077,PENDIDIKAN DOKTER GIGI,121
1211085,MATEMATIKA,121
1211093,KIMIA,121
1211104,FARMASI,121
1211112,FISIKA,121
1211127,ILMU KESEHATAN MASYARAKAT,121
1211135,AGROEKOTEKNOLOGI,121
1211143,KETEKNIKAN PERTANIAN,121
1211151,BIOLOGI,121
1211166,AGRIBISNIS,121
1211174,ILMU DAN TEKNOLOGI PANGAN,121
1211182,PETERNAKAN,121
1211197,ARSITEKTUR,121
1211201,ILMU KEPERAWATAN,121
1211216,KEHUTANAN,121
1211232,ILMU KOMPUTER,121
1211247,TEKNOLOGI INFORMASI,121
1211255,MANAJEMEN SUMBER DAYA PERAIRAN,121
1211263,TEKNIK LINGKUNGAN,121
1221017,PENDIDIKAN MATEMATIKA,122
1221025,PENDIDIKAN BIOLOGI,122
1221033,PENDIDIKAN FISIKA,122
1221041,PENDIDIKAN KIMIA,122
1221056,PENDIDIKAN TEKNIK BANGUNAN,122
1221064,PENDIDIKAN TEKNIK MESIN,122
1221072,PENDIDIKAN TEKNIK ELEKTRO,122
1221087,KIMIA,122
1221095,BIOLOGI,122
1221106,ILMU KEOLAHRAGAAN,122
1221114,MATEMATIKA,122
1221122,FISIKA,122
1221137,PENDIDIKAN TEKNIK OTOMOTIF,122
1221145,GIZI,122
1221153,TEKNIK ELEKTRO,122
1221161,TEKNIK SIPIL,122
1221176,PENDIDIKAN TEKNOLOGI INFORMATIKA DAN KOMPUTER,122
1221184,ILMU KOMPUTER,122
1221192,PENDIDIKAN IPA,122
1231012,ILMU KOMPUTER,123
1231027,SISTEM INFORMASI,123
1231035,MATEMATIKA,123
1231043,BIOLOGI,123
1231051,FISIKA,123
1231066,ILMU KESEHATAN MASYARAKAT,123
1311016,FISIKA,131
1311024,KIMIA,131
1311032,MATEMATIKA,131
1311047,BIOLOGI,131
1311055,MANAJEMEN SUMBERDAYA PERAIRAN,131
1311063,BUDIDAYA PERAIRAN,131
1311071,ILMU KELAUTAN,131
1311086,TEKNOLOGI HASIL PERIKANAN,131
1311094,PEMANFAATAN SUMBERDAYA PERIKANAN,131
1311105,SOSIAL EKONOMI PERIKANAN,131
1311113,AGROTEKNOLOGI,131
1311121,SOSIAL EKONOMI PERTANIAN (AGRIBISNIS),131
1311136,TEKNOLOGI HASIL PERTANIAN,131
1311144,KEHUTANAN,131
1311152,TEKNIK SIPIL,131
1311167,TEKNIK KIMIA,131
1311175,TEKNIK MESIN,131
1311183,TEKNIK ELEKTRO,131
1311191,PEND. DOKTER ,131
1311202,ILMU KEPERAWATAN ,131
1311217,PEND. MATEMATIKA,131
1311225,PEND. BIOLOGI,131
1311233,PEND. FISIKA,131
1311241,PEND. KIMIA,131
1311256,TEKNIK LINGKUNGAN,131
1311264,TEKNIK ARSITEK,131
1311272,SISTEM INFORMASI,131
1311287,TEKNIK INFORMATIKA,131
1311295,TEKNOLOGI INDUSTRI PERTANIAN,131
1311306,STATISTIKA,131
1321011,ILMU PETERNAKAN,132
1321026,MATEMATIKA,132
1321034,SISTEM INFORMASI,132
1321042,TEKNIK ELEKTRO,132
1321057,TEKNIK INDUSTRI,132
1321065,TEKNIK INFORMATIKA,132
1321081,PENDIDIKAN MATEMATIKA,132
1321096,PENDIDIKAN KIMIA,132
1321107,ILMU PERTANIAN (AGROTEKNOLOGI),132
1321115,GIZI,132
1331013,TEKNIK ELEKTRO,133
1331021,TEKNIK INFORMATIKA,133
1331036,ILMU KELAUTAN,133
1331044,MANAJEMEN SUMBERDAYA PERAIRAN,133
1331052,PENDIDIKAN MATEMATIKA,133
1331067,PENDIDIKAN BIOLOGI,133
1331075,PENDIDIKAN KIMIA,133
1331083,BUDI DAYA PERAIRAN,133
1331091,TEKNOLOGI HASIL PERIKANAN,133
1331102,SOSIAL EKONOMI PERIKANAN,133
1331117,TEKNIK PERKAPALAN,133
1411017,AGRIBISNIS,141
1411025,AGROEKOTEKNOLOGI,141
1411033,PENDIDIKAN DOKTER,141
1411041,ILMU KEPERAWATAN,141
1411056,ILMU KESEHATAN MASYARAKAT,141
1411064,PENDIDIKAN DOKTER GIGI,141
1411072,KIMIA,141
1411087,BIOLOGI,141
1411095,MATEMATIKA,141
1411106,FISIKA,141
1411114,SISTEM KOMPUTER,141
1411122,PETERNAKAN,141
1411137,TEKNIK MESIN,141
1411145,TEKNIK SIPIL,141
1411153,TEKNIK INDUSTRI,141
1411161,TEKNIK LINGKUNGAN,141
1411176,TEKNIK ELEKTRO,141
1411184,FARMASI,141
1411192,TEKNIK PERTANIAN,141
1411203,TEKNOLOGI HASIL PERTANIAN,141
1411211,SISTEM INFORMASI,141
1411226,PSIKOLOGI,141
1411234,ILMU TANAH,141
1411242,AGROEKOTEKNOLOGI KAMPUS III DHARMASRAYA,141
1411257,PETERNAKAN ( KAMPUS II PAYAKUMBUH),141
1411265,KEBIDANAN,141
1411273,GIZI,141
1411281,PROTEKSI TANAMAN,141
1411296,PENYULUHAN PERTANIAN,141
1411307,TEKNOLOGI INDUSTRI PERTANIAN,141
1411315,ILMU BIOMEDIS,141
1421012,PENDIDIKAN MATEMATIKA,142
1421027,MATEMATIKA (NK),142
1421035,PENDIDIKAN BIOLOGI,142
1421043,BIOLOGI (NK),142
1421051,PENDIDIKAN FISIKA,142
1421066,FISIKA (NK),142
1421074,PENDIDIKAN KIMIA,142
1421082,KIMIA (NK),142
1421097,PENDIDIKAN TEKNIK BANGUNAN,142
1421101,PENDIDIKAN TEKNIK ELEKTRO,142
1421116,PENDIDIKAN TEKNIK ELEKTRONIKA,142
1421124,PENDIDIKAN TEKNIK MESIN,142
1421132,PENDIDIKAN TEKNIK OTOMOTIF,142
1421147,PEND. TEKNIK INFORMATIKA DAN KOMPUTER,142
1421155,ILMU KEOLAHRAGAAN (NK),142
1421163,TEKNIK PERTAMBANGAN (NK),142
1421171,TEKNIK ELEKTRO INDUSTRI (NK),142
1421186,PENDIDIKAN ILMU PENGETAHUAN ALAM,142
1421194,TEKNIK SIPIL,142
1421205,STATISTIKA (NK),142
1421213,TEKNIK MESIN (NK),142
1421221,ANIMASI,142
1421236,INFORMATIKA,142
1511011,PEND. KIMIA,151
1511026,PEND. MATEMATIKA,151
1511034,PEND. FISIKA,151
1511042,PEND. BIOLOGI,151
1511057,AGROEKOTEKNOLOGI,151
1511065,AGRIBISNIS,151
1511073,TEKNOLOGI HASIL PERTANIAN,151
1511115,PEND. OLAHRAGA & KESEHATAN,151
1511123,KEHUTANAN,151
1511131,PETERNAKAN,151
1511146,KEDOKTERAN,151
1511154,KIMIA,151
1511204,ILMU KEPERAWATAN,151
1511212,FARMASI,151
1511227,PEMANFAATAN SUMBERDAYA PERIKANAN,151
1511235,SISTEM INFORMASI,151
1511243,TEKNIK PERTAMBANGAN,151
1511251,TEKNIK GEOLOGI,151
1511266,BIOLOGI,151
1511274,FISIKA,151
1511282,MATEMATIKA,151
1511297,ILMU KESEHATAN MASYARAKAT,151
1511301,TEKNIK LINGKUNGAN,151
1511316,KEPELATIHAN OLAHRAGA,151
1511324,TEKNIK ELEKTRO,151
1511332,TEKNIK GEOFISIKA,151
1511347,TEKNIK KIMIA,151
1511355,TEKNIK SIPIL,151
1511363,TEKNIK PERTANIAN,151
1511371,TEKNOLOGI INDUSTRI PERTANIAN,151
1611012,AGROEKOTEKNOLOGI,161
1611027,KEHUTANAN,161
1611035,PETERNAKAN,161
1611043,AGRIBISNIS,161
1611051,TEKNOLOGI INDUSTRI PERTANIAN,161
1611066,PENDIDIKAN FISIKA,161
1611074,PENDIDIKAN BIOLOGI,161
1611082,PENDIDIKAN KIMIA,161
1611097,PENDIDIKAN MATEMATIKA,161
1611101,MATEMATIKA,161
1611116,FISIKA,161
1611124,BIOLOGI,161
1611132,KIMIA,161
1611147,TEKNIK INFORMATIKA,161
1611155,TEKNIK SIPIL,161
1611163,TEKNIK MESIN,161
1611171,TEKNIK ELEKTRO,161
1611186,ILMU KELAUTAN,161
1611194,PENDIDIKAN DOKTER,161
1611205,ILMU TANAH,161
1611213,STATISTIKA,161
1611221,ARSITEKTUR,161
1611236,SISTEM INFORMASI,161
1611244,PROTEKSI TANAMAN,161
1611252,FARMASI,161
1611267,GEOFISIKA,161
1611275,PENDIDIKAN IPA,161
1711013,TEKNIK SIPIL,171
1711021,TEKNIK PERTAMBANGAN,171
1711036,TEKNIK KIMIA,171
1711044,TEKNIK MESIN,171
1711052,TEKNIK ELEKTRO,171
1711067,PENDIDIKAN DOKTER,171
1711075,PENDIDIKAN DOKTER GIGI,171
1711083,MATEMATIKA,171
1711091,FISIKA,171
1711102,KIMIA,171
1711117,BIOLOGI,171
1711125,AGRIBISNIS,171
1711133,TEKNOLOGI HASIL PERTANIAN ,171
1711141,TEKNIK PERTANIAN,171
1711164,PEND. MATEMATIKA,171
1711172,PEND BIOLOGI,171
1711187,PEND. KIMIA,171
1711195,PEND FISIKA,171
1711206,ILMU KESEHATAN MASYARAKAT,171
1711214,ARSITEKTUR,171
1711222,ILMU KELAUTAN,171
1711237,BUDIDAYA PERAIRAN,171
1711245,TEKNOLOGI HASIL PERIKANAN,171
1711253,ILMU KEPERAWATAN,171
1711261,PEND TEKNIK MESIN,171
1711276,SISTEM KOMPUTER,171
1711284,TEKNIK INFORMATIKA,171
1711292,SISTEM INFORMASI,171
1711303,AGROEKOTEKNOLOGI,171
1711311,PETERNAKAN,171
1711326,FARMASI,171
1711334,TEKNIK GEOLOGI,171
1711342,PSIKOLOGI,171
1711357,ILMU TANAH,171
1711365,AGRONOMI,171
1711373,PROTEKSI TANAMAN,171
1711381,GIZI,171
1711396,KESEHATAN LINGKUNGAN,171
1721015,PENDIDIKAN MATEMATIKA,172
1721023,PENDIDIKAN BIOLOGI,172
1721046,KIMIA,172
1721054,BIOLOGI,172
1721062,PENDIDIKAN FISIKA,172
1721077,PENDIDIKAN KIMIA,172
1811014,TEKNIK MESIN,181
1811022,TEKNIK ELEKTRO,181
1811037,TEKNIK PERTAMBANGAN,181
1811045,TEKNIK SIPIL,181
1811053,AGROTEKNOLOGI,181
1811061,MANAJEMEN SUMBERDAYA PERAIRAN,181
1811076,BIOLOGI,181
1811084,AGRIBISNIS,181
1811092,AKUAKULTUR,181
1811103,ILMU KELAUTAN,181
1811111,KIMIA,181
1811126,FISIKA,181
1811134,MATEMATIKA,181
1911015,AGROTEKNOLOGI,191
1911023,AGRIBISNIS,191
1911031,TEKNIK GEOFISIKA,191
1911046,TEKNIK SIPIL,191
1911054,KIMIA,191
1911062,BIOLOGI,191
1911077,TEKNOLOGI HASIL PERTANIAN,191
1911085,PETERNAKAN,191
1911093,KEHUTANAN,191
1911104,TEKNIK PERTANIAN,191
1911112,MATEMATIKA,191
1911127,FISIKA,191
1911135,TEKNIK MESIN,191
1911143,TEKNIK ELEKTRO,191
1911151,PEND. MATEMATIKA,191
1911166,PEND. FISIKA,191
1911174,PEND. KIMIA,191
1911182,PEND. BIOLOGI,191
1911197,TEKNIK KIMIA,191
1911201,PEND. KEDOKTERAN,191
1911216,BUDIDAYA PERAIRAN,191
1911224,ILMU KOMPUTER,191
1911232,ARSITEKTUR,191
1911247,TEKNIK GEODESI,191
1911255,TEKNIK INFORMATIKA,191
1911263,SUMBERDAYA AKUATIK,191
1911271,ILMU TANAH,191
1911286,AGRONOMI,191
1911294,PROTEKSI TANAMAN,191
1911305,PENYULUHAN PERTANIAN,191
1911313,ILMU KELAUTAN,191
1911321,TEKNOLOGI INDUSTRI PERTANIAN,191
1911336,NUTRISI DAN TEKNOLOGI PAKAN TERNAK,191
1911344,PENDIDIKAN TEKNOLOGI INFORMASI,191
1911352,FARMASI,191
1911367,BIOLOGI TERAPAN,191
1921017,TEKNIK GEOMATIKA,192
1921025,TEKNIK ELEKTRO,192
1921033,PERENCANAAN WILAYAH DAN KOTA,192
1921041,TEKNIK GEOFISIKA,192
1921056,TEKNIK SIPIL,192
1921064,TEKNIK INFORMATIKA,192
1921072,FISIKA,192
1921087,ARSITEKTUR,192
1921095,TEKNIK LINGKUNGAN,192
1921106,TEKNIK GEOLOGI,192
1921114,MATEMATIKA,192
1921122,TEKNIK MESIN,192
1921145,BIOLOGI,192
1921153,TEKNIK INDUSTRI,192
1921161,FARMASI,192
1921176,TEKNIK KIMIA,192
1921184,KIMIA,192
1921192,TEKNIK FISIKA,192
1921203,TEKNIK KELAUTAN,192
1921211,SAINS ATMOSFIR DAN KEPLANETAN,192
1921226,TEKNIK BIOSISTEM,192
1921234,TEKNOLOGI INDUSTRI PERTANIAN,192
1921242,TEKNIK SISTEM ENERGI,192
1921257,TEKNOLOGI PANGAN,192
1921265,TEKNIK MATERIAL,192
1921273,TEKNIK PERTAMBANGAN,192
1921281,ARSITEKTUR LANSKAP,192
1921296,DESAIN KOMUNIKASI VISUAL,192
1921307,TEKNIK TELEKOMUNIKASI,192
1921315,SAINS AKTUARIA,192
1921323,REKAYASA KEHUTANAN,192
1921331,TEKNIK BIOMEDIS,192
1921346,SAINS LINGKUNGAN KELAUTAN,192
1921354,SAINS DATA,192
3111014,TEKNIK MESIN,311
3111022,TEKNIK ELEKTRO,311
3111037,TEKNIK INDUSTRI,311
3111045,TEKNIK METALURGI,311
3111053,TEKNIK KIMIA,311
3111061,TEKNIK SIPIL,311
3111076,AGRIBISNIS,311
3111084,AGROEKOTEKNOLOGI,311
3111092,ILMU PERIKANAN,311
3111103,PENDIDIKAN BIOLOGI,311
3111111,PENDIDIKAN MATEMATIKA,311
3111126,PENDIDIKAN VOKASIONAL TEKNIK ELEKTRO,311
3111134,PENDIDIKAN VOKASIONAL TEKNIK MESIN,311
3111142,PENDIDIKAN FISIKA,311
3111157,PENDIDIKAN KIMIA,311
3111165,PENDIDIKAN IPA,311
3111173,TEKNOLOGI PANGAN,311
3111181,ILMU KEOLAHRAGAAN,311
3111196,GIZI,311
3111207,KEDOKTERAN,311
3211015,PENDIDIKAN DOKTER,321
3211023,PENDIDIKAN DOKTER GIGI,321
3211031,MATEMATIKA,321
3211046,FISIKA,321
3211054,KIMIA,321
3211062,BIOLOGI,321
3211077,FARMASI,321
3211085,GEOGRAFI,321
3211093,TEKNIK SIPIL,321
3211104,TEKNIK MESIN,321
3211112,TEKNIK ELEKTRO,321
3211127,TEKNIK METALURGI & MATERIAL,321
3211135,ARSITEKTUR,321
3211143,TEKNIK KIMIA,321
3211151,ILMU KEPERAWATAN,321
3211166,ILMU KOMPUTER,321
3211174,ILMU KESEHATAN MASYARAKAT,321
3211182,TEKNIK INDUSTRI,321
3211197,TEKNIK PERKAPALAN,321
3211201,TEKNIK LINGKUNGAN,321
3211216,TEKNIK KOMPUTER,321
3211224,SISTEM INFORMASI,321
3211232,ARSITEKTUR INTERIOR,321
3211247,TEKNOLOGI BIOPROSES,321
3211255,GIZI,321
3211263,KESEHATAN LINGKUNGAN,321
3211271,KESELAMATAN DAN KESEHATAN KERJA,321
3211286,GEOFISIKA,321
3211294,GEOLOGI,321
3211305,STATISTIKA,321
3211313,AKTUARIA,321
3211321,TEKNIK BIOMEDIS,321
3221017,SOSIAL EKONOMI PERTANIAN / AGRIBISNIS,322
3221025,TEKNIK INFORMATIKA,322
3221033,SISTEM INFORMASI,322
3221041,MATEMATIKA,322
3221056,BIOLOGI,322
3221064,KIMIA,322
3221072,FISIKA,322
3221087,KESEHATAN MASYARAKAT,322
3221095,FARMASI,322
3221106,ILMU KEPERAWATAN,322
3221114,PENDIDIKAN DOKTER,322
3221122,PENDIDIKAN MATEMATIKA,322
3221145,PENDIDIKAN KIMIA,322
3221161,TEKNIK PERTAMBANGAN,322
3231012,PENDIDIKAN MATEMATIKA,323
3231027,PENDIDIKAN FISIKA,323
3231035,PENDIDIKAN KIMIA,323
3231043,PENDIDIKAN BIOLOGI,323
3231051,MATEMATIKA,323
3231066,FISIKA,323
3231074,KIMIA,323
3231082,BIOLOGI,323
3231097,PENDIDIKAN VOKASIONAL TEKNIK ELEKTRO,323
3231101,PENDIDIKAN VOKASIONAL TEKNIK MESIN,323
3231116,PENDIDIKAN VOKASIONAL KONSTRUKSI  BANGUNAN,323
3231124,ILMU KEOLAHRAGAAN,323
3231132,PENDIDIKAN INFORMATIKA,323
3231147,PENDIDIKAN VOKASIONAL TEKNIK ELEKTRONIKA,323
3231155,ILMU KOMPUTER,323
3231163,STATISTIKA,323
3231171,REKAYASA KESELAMATAN KEBAKARAN,323
3231186,TEKNIK MESIN,323
3231194,SISTEM DAN TEKNOLOGI INFORMASI,323
3241014,TEKNIK MESIN,324
3241022,TEKNIK PERKAPALAN,324
3241037,TEKNIK INDUSTRI,324
3241045,INFORMATIKA,324
3241053,SISTEM INFORMASI,324
3241061,KEDOKTERAN,324
3241076,KEPERAWATAN,324
3241084,KESEHATAN MASYARAKAT,324
3241092,GIZI,324
3241103,TEKNIK ELEKTRO,324
3241111,FARMASI,324
3311016,AGROTEKNOLOGI,331
3311024,TEKNIK INDUSTRI,331
3311032,TEKNIK MESIN,331
3311047,TEKNIK ELEKTRO,331
3311055,TEKNIK INFORMATIKA,331
3311063,PEND. MATEMATIKA,331
3311071,AGRIBISNIS,331
3311086,FARMASI,331
3311094,GIZI,331
3311105,TEKNIK KIMIA,331
3311113,ILMU KEOLAHRAGAAN,331
3311121,SISTEM INFORMASI,331
3311136,TEKNIK LINGKUNGAN,331
3321011,FAK. ILMU DAN TEKNOLOGI KEBUMIAN (FITB),332
3321026,FAK. TEKNIK PERTAMB. & PERMINYAKAN (FTTM),332
3321034,FAK. MATEMATIKA & ILMU PENGET. ALAM (FMIPA),332
3321042,FAKULTAS TEKNIK SIPIL & LINGKUNGAN (FTSL)  - KAMPUS GANESA,332
3321057,SEKOLAH FARMASI (SF),332
3321065,SEKOLAH ILMU & TEKNO. HAYATI - PROG. SAINS,332
3321073,SEKOLAH TEK. ELEKTRO & INFORMATIKA (STEI),332
3321081,FAKULTAS TEKNOLOGI INDUSTRI (FTI) - KAMPUS GANESA,332
3321096,FAKULTAS TEKNIK MESIN & DIRGANTARA (FTMD),332
3321107,SEK. ARSITEKTUR, PERENC & PENGEMB KEBIJAKAN,332
3321123,SEKOLAH ILMU & TEKNO HAYATI - PROG REKAYASA,332
3321131,FAKULTAS TEKNIK SIPIL DAN LINGKUNGAN (FTSL) - KAMPUS JATINANGOR,332
3321146,FAKULTAS TEKNOLOGI INDUSTRI (FTI) - KAMPUS JATINANGOR,332
3321154,FAKULTAS TEKNOLOGI INDUSTRI (FTI) - KAMPUS CIREBON,332
3321162,SEK. ARSITEKTUR, PERENC & PENGEMB KEBIJAKAN (SAPPK) - KAMPUS CIREBON,332
3321177,FAK. TEKNIK PERTAMB. & PERMINYAKAN (FTTM) - KAMPUS CIREBON,332
3321185,FAKULTAS ILMU DAN TEKNOLOGI KEBUMIAN (FITB) - KAMPUS CIREBON,332
3331013,PENDIDIKAN DOKTER,333
3331021,MATEMATIKA,333
3331036,KIMIA,333
3331044,FISIKA,333
3331052,BIOLOGI,333
3331067,STATISTIKA,333
3331075,AGROTEKNOLOGI,333
3331083,AGRIBISNIS,333
3331091,PENDIDIKAN DOKTER GIGI,333
3331102,ILMU PETERNAKAN,333
3331117,PERIKANAN,333
3331125,ILMU KEPERAWATAN,333
3331133,ILMU KELAUTAN,333
3331141,TEKNOLOGI  PANGAN,333
3331156,TEKNIK PERTANIAN,333
3331164,FARMASI,333
3331172,TEKNIK GEOLOGI,333
3331187,PSIKOLOGI,333
3331195,GEOFISIKA,333
3331206,TEKNIK INFORMATIKA,333
3331214,TEKNOLOGI INDUSTRI PERTANIAN,333
3331222,TEKNIK ELEKTRO,333
3331237,KEDOKTERAN HEWAN,333
3331284,ILMU AKTUARIA,333
3331303,PERIKANAN PSDKU PANGANDARAN,333
3331311,PETERNAKAN PSDKU PANGANDARAN,333
3331326,KEPERAWATAN PSDKU PANGANDARAN,333
3341015,PENDIDIKAN MATEMATIKA,334
3341023,PENDIDIKAN FISIKA,334
3341031,PENDIDIKAN BIOLOGI,334
3341046,PENDIDIKAN KIMIA,334
3341054,PENDIDIKAN ILMU KOMPUTER,334
3341062,MATEMATIKA,334
3341077,FISIKA,334
3341085,BIOLOGI,334
3341093,KIMIA,334
3341104,ILMU KOMPUTER,334
3341112,PENDIDIKAN TEKNIK ARSITEKTUR,334
3341127,PENDIDIKAN TEKNIK BANGUNAN,334
3341143,PENDIDIKAN TEKNIK ELEKTRO,334
3341151,PENDIDIKAN TEKNIK MESIN,334
3341166,ILMU KEOLAHRAGAAN,334
3341174,TEKNIK ELEKTRO,334
3341182,PENDIDIKAN TEKNOLOGI AGRO INDUSTRI ,334
3341197,TEKNIK SIPIL,334
3341201,PENDIDIKAN ILMU PENGETAHUAN ALAM,334
3341216,ARSITEKTUR,334
3341224,PENDIDIKAN KELAUTAN DAN PERIKANAN KAMPUS SERANG,334
3341232,PENDIDIKAN MULTIMEDIA KAMPUS CIBIRU,334
3341247,PENDIDIKAN SISTEM DAN TEKNOLOGI INFORMASI KAMPUS PURWAKARTA,334
3341255,PENDIDIKAN TEKNIK OTOMOTIF,334
3341263,SISTEM INFORMASI KELAUTAN KAMPUS SERANG,334
3341271,KEPELATIHAN FISIK OLAHRAGA,334
3341286,REKAYASA PERANGKAT LUNAK (KAMPUS UPI CIBIRU),334
3341294,SISTEM TELEKOMUNIKASI (KAMPUS UPI PURWAKARTA),334
3341305,KEPERAWATAN - KAMPUS SUMEDANG,334
3341313,TEKNIK LOGISTIK,334
3341321,PENDIDIKAN TEKNIK OTOMASI INDUSTRI DAN ROBOTIKA,334
3341336,TEKNIK KOMPUTER - KAMPUS CIBIRU,334
3341344,LOGISTIK KELAUTAN - KAMPUS SERANG,334
3361027,MATEMATIKA,336
3361035,BIOLOGI,336
3361043,FISIKA,336
3361051,KIMIA,336
3361066,TEKNIK INFORMATIKA,336
3361074,TEKNIK ELEKTRO,336
3361082,AGROTEKNOLOGI,336
3411017,AGRIBISNIS,341
3411025,AGRONOMI DAN HORTIKULTURA,341
3411033,ARSITEKTUR LANSEKAP,341
3411041,BIOKIMIA,341
3411056,BIOLOGI,341
3411064,EKONOMI SUMBERDAYA DAN LINGKUNGAN,341
3411087,ILMU DAN TEKNOLOGI KELAUTAN,341
3411106,ILMU KOMPUTER,341
3411114,KEDOKTERAN HEWAN,341
3411122,KIMIA,341
3411137,KOMUNIKASI DAN PENGEMBANGAN MASYARAKAT,341
3411145,KONSERVASI SUMBERDAYAHUTAN& EKOWISATA,341
3411153,MANAJEMEN HUTAN,341
3411226,STATISTIKA DAN SAINS DATA,341
3411234,TEKNIK PERTANIAN DAN BIOSISTEM,341
3411242,TEKNOLOGI HASIL HUTAN,341
3411265,TEKNOLOGI INDUSTRI PERTANIAN,341
3411273,TEKNOLOGI PANGAN,341
3411281,NUTRISI DAN TEKNOLOGI PAKAN,341
3411296,TEKNOLOGI PRODUKSI TERNAK,341
3411315,TEKNIK SIPIL DAN LINGKUNGAN,341
3411323,TEKNOLOGI & MANAJEMEN PERIKANAN BUDIDAYA,341
3411331,EKONOMI PEMBANGUNAN,341
3411346,MANAJEMEN,341
3411354,ILMU GIZI,341
3411362,EKONOMI SYARIAH,341
3411377,MANAJEMEN SUMBERDAYA LAHAN,341
3411385,PROTEKSI TANAMAN,341
3411393,MANAJEMEN SUMBERDAYA PERAIRAN,341
3411404,TEKNOLOGI HASIL PERAIRAN,341
3411412,TEKNOLOGI & MANAJEMEN PERIKANAN TANGKAP,341
3411427,SILVIKULTUR,341
3411435,METEOROLOGI TERAPAN,341
3411443,MATEMATIKA,341
3411451,FISIKA,341
3411466,ILMU KELUARGA DAN KONSUMEN,341
3411474,BISNIS,341
3411482,TEKNOLOGI HASIL TERNAK,341
3411497,AKTUARIA,341
3421012,PENDIDIKAN MATEMATIKA,342
3421027,PENDIDIKAN BIOLOGI,342
3421035,AGROTEKNOLOGI ,342
3421043,AGRIBISNIS ,342
3421051,TEKNIK SIPIL ,342
3421066,TEKNIK ELEKTRO ,342
3421074,INFORMATIKA,342
3421082,KESEHATAN MASYARAKAT,342
3421097,PENDIDIKAN FISIKA,342
3421101,GIZI,342
3511011,BIOLOGI,351
3511026,KIMIA,351
3511034,MATEMATIKA,351
3511042,FISIKA,351
3511057,MANAJEMEN SUMBERDAYA PERAIRAN,351
3511065,AKUAKULTUR,351
3511073,TEKNIK PERTANIAN,351
3511081,TEKNIK ELEKTRO,351
3511096,TEKNIK SIPIL,351
3511107,PENDIDIKAN DOKTER,351
3511115,KESEHATAN MASYARAKAT,351
3511123,KEPERAWATAN,351
3511131,FARMASI,351
3511146,TEKNIK GEOLOGI,351
3511154,ILMU KELAUTAN,351
3511162,AGROTEKNOLOGI,351
3511177,AGRIBISNIS,351
3511185,TEKNOLOGI PANGAN,351
3511193,PETERNAKAN,351
3511204,INFORMATIKA,351
3511212,KEDOKTERAN GIGI,351
3511227,ILMU GIZI,351
3511235,PENDIDIKAN JASMANI,351
3511243,TEKNIK INDUSTRI,351
3521013,AGROTEKNOLOGI,352
3521021,TEKNIK SIPIL,352
3521036,TEKNIK MESIN,352
3521044,TEKNIK ELEKTRO,352
3521052,PETERNAKAN,352
3521067,PENDIDIKAN ILMU PENGETAHUAN ALAM,352
3521075,PENDIDIKAN BIOLOGI,352
3521083,PENDIDIKAN MATEMATIKA,352
3521091,AKUAKULTUR,352
3531015,KEDOKTERAN,353
3531023,PSIKOLOGI,353
3531031,AGROTEKNOLOGI / AGROEKOTEKNOLOGI,353
3531046,AGRIBISNIS,353
3531054,PETERNAKAN,353
3531062,ILMU DAN TEKNOLOGI PANGAN,353
3531077,TEKNIK SIPIL,353
3531085,ARSITEKTUR,353
3531093,TEKNIK INDUSTRI,353
3531104,TEKNIK MESIN,353
3531112,TEKNIK KIMIA,353
3531127,MATEMATIKA,353
3531135,FISIKA,353
3531143,KIMIA,353
3531151,BIOLOGI,353
3531166,PERENCANAAN WILAYAH DAN KOTA (PWK),353
3531174,INFORMATIKA,353
3531182,PENDIDIKAN FISIKA,353
3531197,PENDIDIKAN KIMIA,353
3531201,PENDIDIKAN BIOLOGI,353
3531216,PENDIDIKAN MATEMATIKA,353
3531224,PENDIDIKAN TEKNIK MESIN,353
3531232,PENDIDIKAN TEKNIK BANGUNAN,353
3531247,PENDIDIKAN TEKNIK INFORMATIKA & KOMPUTER,353
3531255,ILMU TANAH,353
3531263,PENYULUHAN DAN KOMUNIKASI PERTANIAN,353
3531271,FARMASI,353
3531286,TEKNIK ELEKTRO,353
3531294,STATISTIKA,353
3531305,PENDIDIKAN IPA,353
3531313,ILMU LINGKUNGAN,353
3531321,PENGELOLAAN HUTAN,353
3551012,KESEHATAN MASYARAKAT,355
3551027,KEDOKTERAN,355
3551035,KEPERAWATAN,355
3551043,GIZI,355
3551051,MATEMATIKA,355
3551066,BIOLOGI,355
3551074,KIMIA ,355
3551082,FISIKA,355
3551097,STATISTIKA,355
3551101,INFORMATIKA,355
3551116,MANAJEMEN SUMBERDAYA PERAIRAN,355
3551124,AKUAKULTUR,355
3551132,PERIKANAN TANGKAP,355
3551147,ILMU KELAUTAN  ,355
3551155,OCEANOGRAFI  ,355
3551163,TEKNOLOGI HASIL PERIKANAN,355
3551171,TEKNIK SIPIL,355
3551186,ARSITEKTUR,355
3551194,TEKNIK MESIN,355
3551205,TEKNIK KIMIA,355
3551213,TEKNIK ELEKTRO,355
3551221,PERENCANAAN WILAYAH DAN KOTA,355
3551236,TEKNIK INDUSTRI,355
3551244,TEKNIK LINGKUNGAN,355
3551252,TEKNIK PERKAPALAN  ,355
3551267,TEKNIK GEOLOGI,355
3551275,TEKNIK GEODESI,355
3551283,TEKNIK KOMPUTER,355
3551291,PETERNAKAN,355
3551302,TEKNOLOGI PANGAN,355
3551317,AGROEKOTEKNOLOGI,355
3551325,AGRIBISNIS,355
3551333,KEDOKTERAN GIGI,355
3551341,FARMASI,355
3551356,BIOTEKNOLOGI,355
3561014,PENDIDIKAN MATEMATIKA,356
3561022,PENDIDIKAN FISIKA,356
3561037,PENDIDIKAN KIMIA,356
3561045,PENDIDIKAN BIOLOGI,356
3561053,PENDIDIKAN TEKNIK BANGUNAN,356
3561061,PENDIDIKAN TEKNIK MESIN,356
3561076,PENDIDIKAN TEKNIK ELEKTRO,356
3561084,ILMU KEOLAHRAGAAN,356
3561092,MATEMATIKA,356
3561103,FISIKA,356
3561111,KIMIA,356
3561126,BIOLOGI,356
3561134,KESEHATAN MASYARAKAT,356
3561142,PENDIDIKAN IPA,356
3561157,PEND. TEKNIK INFORMATIKA & KOMPUTER,356
3561165,TEKNIK ARSITEKTUR,356
3561173,PENDIDIKAN TEKNIK OTOMOTIF,356
3561181,TEKNIK KIMIA,356
3561196,TEKNIK MESIN,356
3561207,TEKNIK SIPIL,356
3561215,TEKNIK INFORMATIKA,356
3561223,TEKNIK ELEKTRO,356
3561231,GIZI,356
3561246,SISTEM INFORMASI,356
3561254,ILMU LINGKUNGAN,356
3561262,FARMASI,356
3571055,GIZI,357
3571063,MATEMATIKA,357
3571071,KIMIA,357
3571086,FISIKA,357
3571094,BIOLOGI,357
3571105,TEKNOLOGI INFORMASI,357
3611012,BIOLOGI,361
3611027,FARMASI,361
3611035,GEOGRAFI LINGKUNGAN,361
3611043,KARTOGRAFI DAN PENGINDERAAN JAUH,361
3611051,PEMBANGUNAN WILAYAH,361
3611066,KEDOKTERAN,361
3611074,ILMU KEPERAWATAN,361
3611082,GIZI KESEHATAN,361
3611097,KEDOKTERAN GIGI,361
3611101,KEDOKTERAN HEWAN,361
3611155,FISIKA,361
3611163,KIMIA,361
3611171,MATEMATIKA,361
3611186,ILMU KOMPUTER,361
3611194,STATISTIKA,361
3611205,GEOFISIKA,361
3611213,ELEKTRONIKA DAN INSTRUMENTASI,361
3611221,AGRONOMI,361
3611244,ILMU TANAH,361
3611252,EKONOMI PERTANIAN DAN AGRIBISNIS,361
3611267,PROTEKSI TANAMAN (ILMU HAMA DAN PENYAKIT TUMBUHAN),361
3611275,PENYULUHAN DAN KOMUNIKASI PERTANIAN,361
3611283,AKUAKULTUR (BUDIDAYA PERIKANAN),361
3611291,TEKNOLOGI HASIL PERIKANAN,361
3611302,MANAJEMEN SUMBERDAYA AKUATIK (MANAJEMEN SUMBER DAYA PERIKANAN),361
3611317,MIKROBIOLOGI PERTANIAN,361
3611325,ILMU DAN INDUSTRI PETERNAKAN,361
3611333,ARSITEKTUR,361
3611341,PERENCANAAN WILAYAH DAN KOTA,361
3611356,TEKNIK GEODESI,361
3611364,TEKNIK GEOLOGI,361
3611372,TEKNIK KIMIA,361
3611387,TEKNIK ELEKTRO,361
3611395,TEKNIK MESIN,361
3611406,TEKNIK SIPIL,361
3611414,TEKNIK NUKLIR,361
3611422,TEKNIK FISIKA,361
3611437,TEKNIK INDUSTRI,361
3611445,TEKNIK PERTANIAN,361
3611453,TEKNOLOGI PANGAN DAN HASIL PERTANIAN,361
3611461,TEKNOLOGI INDUSTRI PERTANIAN,361
3611476,HIGIENE GIGI,361
3611484,KEHUTANAN,361
3611492,TEKNOLOGI INFORMASI,361
3611503,ILMU AKTUARIA,361
3611511,TEKNIK BIOMEDIS,361
3621014,PENDIDIKAN MATEMATIKA,362
3621022,PENDIDIKAN FISIKA,362
3621037,PENDIDIKAN KIMIA,362
3621045,PENDIDIKAN BIOLOGI,362
3621053,PENDIDIKAN TEKNIK ELEKTRONIKA,362
3621061,PENDIDIKAN TEKNIK OTOMOTIF,362
3621076,PENDIDIKAN TEKNIK MESIN,362
3621084,PENDIDIKAN TEKNIK ELEKTRO,362
3621092,PENDIDIKAN TEKNIK SIPIL & PERENCANAAN,362
3621103,MATEMATIKA,362
3621111,FISIKA,362
3621126,KIMIA,362
3621134,BIOLOGI,362
3621142,PENDIDIKAN TEKNIK MEKATRONIKA,362
3621157,PENDIDIKAN TEKNIK INFORMATIKA,362
3621165,PENDIDIKAN IPA,362
3621173,ILMU KEOLAHRAGAAN,362
3621397,STATISTIKA,362
3621401,PENDIDIKAN JASMANI KESEHATAN DAN REKREASI,362
3621416,PENDIDIKAN KEPELATIHAN OLAHRAGA,362
3621424,PGSD PENDIDIKAN JASMANI,362
3621432,TEKNIK ELEKTRO,362
3621447,TEKNOLOGI INFORMASI,362
3621455,TEKNIK MANUFAKTUR,362
3621463,TEKNIK SIPIL,362
3631016,TEKNIK GEOLOGI,363
3631024,TEKNIK PERTAMBANGAN,363
3631032,TEKNIK PERMINYAKAN,363
3631047,TEKNIK LINGKUNGAN,363
3631055,TEKNIK GEOFISIKA,363
3631063,TEKNIK KIMIA,363
3631071,TEKNIK INDUSTRI,363
3631086,TEKNIK INFORMATIKA,363
3631094,AGROTEKNOLOGI,363
3631105,AGRIBISNIS,363
3631113,METALURGI,363
3631121,ILMU TANAH,363
3631136,SISTEM INFORMASI,363
3631144,TEKNIK GEOMATIKA,363
3651013,MATEMATIKA,365
3651021,FISIKA,365
3651036,KIMIA,365
3651044,BIOLOGI,365
3651052,TEKNIK INFORMATIKA,365
3651067,TEKNIK INDUSTRI,365
3651075,PENDIDIKAN MATEMATIKA,365
3651083,PENDIDIKAN FISIKA,365
3651091,PENDIDIKAN KIMIA,365
3651102,PENDIDIKAN BIOLOGI,365
3711013,AGROTEKNOLOGI / AGROEKOTEKNOLOGI,371
3711021,AGRIBISNIS,371
3711036,PENDIDIKAN MATEMATIKA,371
3711044,PENDIDIKAN FISIKA,371
3711052,PENDIDIKAN BIOLOGI,371
3711067,TEKNOLOGI HASIL PERTANIAN,371
3711075,TEKNIK PERTANIAN,371
3711083,PENDIDIKAN  DOKTER GIGI,371
3711091,MATEMATIKA,371
3711102,FISIKA,371
3711117,KIMIA,371
3711125,BIOLOGI,371
3711133,PENDIDIKAN DOKTER,371
3711141,KESEHATAN MASYARAKAT,371
3711156,TEKNIK MESIN,371
3711164,TEKNIK ELEKTRO,371
3711172,TEKNIK SIPIL,371
3711187,FARMASI,371
3711195,ILMU KEPERAWATAN,371
3711206,SISTEM INFORMASI,371
3711245,TEKNOLOGI INDUSTRI PERTANIAN,371
3711253,ILMU TANAH,371
3711261,PROTEKSI TANAMAN,371
3711276,TEKNOLOGI INFORMASI,371
3711284,PENDIDIKAN IPA,371
3711292,PERENCANAAN WILAYAH DAN KOTA,371
3711303,TEKNIK KIMIA,371
3711311,AGRONOMI,371
3711326,ILMU PERTANIAN,371
3711334,INFORMATIKA,371
3711342,PENYULUHAN PERTANIAN,371
3711357,TEKNIK LINGKUNGAN,371
3711365,TEKNIK KONSTRUKSI PERKAPALAN,371
3711373,PETERNAKAN,371
3711381,GIZI,371
3711396,TEKNIK PERTAMBANGAN,371
3711407,TEKNIK PERMINYAKAN,371
3721015,MANAJEMEN SUMBERDAYA PERAIRAN,372
3721023,BUDIDAYA PERAIRAN,372
3721031,TEKNIK SIPIL,372
3721046,TEKNIK MESIN,372
3721054,TEKNIK ELEKTRO,372
3721062,ARSITEKTUR,372
3721077,TEKNIK PENGAIRAN,372
3721085,KEDOKTERAN,372
3721093,ILMU DAN TEKNOLOGI PANGAN,372
3721104,BIOLOGI,372
3721112,FISIKA,372
3721127,KIMIA,372
3721135,MATEMATIKA,372
3721143,PEMANFAATAN SUMBERDAYA PERIKANAN,372
3721151,TEKNOLOGI HASIL PERIKANAN,372
3721166,AGROBISNIS PERIKANAN,372
3721174,TEKNIK PERTANIAN,372
3721182,STATISTIKA,372
3721197,PERENCANAAN WILAYAH & KOTA,372
3721201,TEKNOLOGI INDUSTRI PERTANIAN,372
3721216,ILMU KEPERAWATAN,372
3721232,ILMU GIZI,372
3721247,TEKNIK INDUSTRI,372
3721255,TEKNIK INFORMATIKA,372
3721263,AGROEKOTEKNOLOGI,372
3721271,AGRIBISNIS,372
3721286,PETERNAKAN,372
3721294,PENDIDIKAN DOKTER HEWAN,372
3721305,PENDIDIKAN DOKTER GIGI,372
3721313,ILMU KELAUTAN,372
3721321,KEBIDANAN,372
3721336,FARMASI,372
3721352,TEKNIK KOMPUTER,372
3721367,SISTEM INFORMASI,372
3721375,TEKNIK KIMIA,372
3721383,INSTRUMENTASI,372
3721391,TEKNIK GEOFISIKA,372
3721417,BIOTEKNOLOGI,372
3721433,TEKNOLOGI BIOPROSES,372
3721441,TEKNIK LINGKUNGAN,372
3721472,PENDIDIKAN TEKNOLOGI INFORMASI,372
3721487,TEKNOLOGI INFORMASI,372
3721495,AGROEKOTEKNOLOGI (PSDKU KEDIRI),372
3721506,AGRIBISNIS (PSDKU KEDIRI),372
3721514,PETERNAKAN (PSDKU KEDIRI),372
3721522,AKUAKULTUR (PSDKU KEDIRI) ,372
3721537,SOSIAL EKONOMI PERIKANAN (PSDKU KEDIRI),372
3721545,KEHUTANAN,372
3721553,ILMU AKTUARIA,372
3731017,PENDIDIKAN MATEMATIKA  ,373
3731025,PENDIDIKAN FISIKA  ,373
3731033,PENDIDIKAN KIMIA ,373
3731041,PENDIDIKAN BIOLOGI ,373
3731064,PENDIDIKAN TEKNIK MESIN ,373
3731072,PENDIDIKAN TEKNIK BANGUNAN ,373
3731087,PENDIDIKAN TEKNIK INFORMATIKA ,373
3731095,PENDIDIKAN TEKNIK OTOMOTIF ,373
3731106,ILMU KEOLAHRAGAAN ,373
3731114,MATEMATIKA ,373
3731122,FISIKA ,373
3731137,KIMIA ,373
3731145,BIOLOGI ,373
3731153,PENDIDIKAN TEKNIK ELEKTRO ,373
3731161,TEKNIK SIPIL,373
3731176,PENDIDIKAN ILMU PENGETAHUAN ALAM,373
3731184,ILMU KESEHATAN MASYARAKAT,373
3731192,TEKNIK MESIN,373
3731203,TEKNIK ELEKTRO,373
3731211,TEKNIK INFORMATIKA,373
3731226,TEKNIK INDUSTRI,373
3731234,BIOTEKNOLOGI,373
3741012,MATEMATIKA,374
3741027,BIOLOGI,374
3741035,KIMIA,374
3741043,FISIKA,374
3741051,TEKNIK INFORMATIKA,374
3741066,TEKNIK ARSITEKTUR,374
3741074,FARMASI,374
3741124,PENDIDIKAN DOKTER,374
3811014,KEDOKTERAN,381
3811022,KEDOKTERAN GIGI,381
3811037,FARMASI,381
3811045,KEDOKTERAN HEWAN,381
3811053,MATEMATIKA,381
3811061,BIOLOGI,381
3811076,FISIKA,381
3811084,KIMIA,381
3811092,KESEHATAN MASYARAKAT,381
3811103,KEPERAWATAN,381
3811111,AKUAKULTUR,381
3811126,KEBIDANAN,381
3811134,TEKNIK BIOMEDIS,381
3811142,TEKNIK LINGKUNGAN,381
3811157,SISTEM INFORMASI,381
3811165,STATISTIKA,381
3811173,GIZI,381
3811181,KEDOKTERAN HEWAN (PSDKU BANYUWANGI),381
3811196,KESEHATAN MASYARAKAT (PSDKU BANYUWANGI),381
3811207,AKUAKULTUR (PSDKU BANYUWANGI),381
3811215,TEKNOLOGI HASIL PERIKANAN,381
3811223,TEKNIK INDUSTRI,381
3811231,TEKNIK ELEKTRO,381
3811246,REKAYASA NANOTEKNOLOGI,381
3811254,TEKNOLOGI SAINS DATA,381
3811262,TEKNIK ROBOTIKA DAN KECERDASAN BUATAN,381
3821016,FISIKA,382
3821024,MATEMATIKA,382
3821032,STATISTIKA,382
3821047,KIMIA,382
3821055,BIOLOGI,382
3821063,TEKNIK MESIN,382
3821071,TEKNIK ELEKTRO,382
3821086,TEKNIK KIMIA,382
3821094,TEKNIK FISIKA,382
3821105,TEKNIK INDUSTRI,382
3821113,TEKNIK MATERIAL,382
3821121,TEKNIK SIPIL,382
3821136,ARSITEKTUR,382
3821144,TEKNIK LINGKUNGAN,382
3821152,TEKNIK GEOMATIKA,382
3821167,PERENCANAAN WILAYAH DAN KOTA,382
3821175,TEKNIK PERKAPALAN,382
3821183,TEKNIK KELAUTAN,382
3821191,TEKNIK SISTEM PERKAPALAN,382
3821202,TEKNIK INFORMATIKA,382
3821217,SISTEM INFORMASI,382
3821225,DESAIN PRODUK INDUSTRI,382
3821233,TEKNIK TRANSPORTASI LAUT,382
3821241,TEK. SIST PERKAPALAN (GLR GANDA ITS-JERMAN),382
3821256,TEKNIK KOMPUTER,382
3821272,TEKNIK GEOFISIKA,382
3821287,DESAIN INTERIOR,382
3821295,TEKNIK BIOMEDIK,382
3821306,SAINS AKTUARIA,382
3821314,TEKNOLOGI INFORMASI,382
3821322,DESAIN KOMUNIKASI VISUAL,382
3831011,PEND. MATEMATIKA,383
3831026,PEND. FISIKA,383
3831034,PEND. KIMIA,383
3831042,PEND. BIOLOGI,383
3831057,MATEMATIKA,383
3831065,FISIKA,383
3831073,KIMIA,383
3831081,BIOLOGI,383
3831096,PEND. SAINS,383
3831107,PEND. TEKNIK ELEKTRO,383
3831115,PEND. TEKNIK MESIN,383
3831123,PEND. TEKNIK BANGUNAN,383
3831131,ILMU KEOLAHRAGAAN,383
3831146,TEKNIK SIPIL,383
3831154,PENDIDIKAN TEKNOLOGI INFORMASI,383
3831162,TEKNIK ELEKTRO,383
3831177,TEKNIK MESIN,383
3831185,SISTEM INFORMASI,383
3831193,TEKNIK INFORMATIKA,383
3831204,GIZI,383
3841013,AGROEKOTEKNOLOGI,384
3841021,AGRIBISNIS,384
3841036,TEKNOLOGI INDUSTRI PERTANIAN,384
3841044,ILMU KELAUTAN,384
3841052,TEKNIK INDUSTRI,384
3841067,TEKNIK INFORMATIKA,384
3841075,TEKNIK ELEKTRO,384
3841083,PENDIDIKAN INFORMATIKA,384
3841091,PENDIDIKAN ILMU PENGETAHUAN ALAM,384
3841102,MANAJEMEN SUMBERDAYA PERAIRAN,384
3841117,TEKNIK MESIN,384
3841125,TEKNIK MEKATRONIKA,384
3841133,SISTEM INFORMASI,384
3851015,AGRIBISNIS,385
3851023,AGROTEKNOLOGI ,385
3851031,TEKNIK KIMIA,385
3851046,TEKNIK INDUSTRI,385
3851054,TEKNOLOGI PANGAN,385
3851062,INFORMATIKA,385
3851077,SISTEM INFORMASI,385
3851085,ARSITEKTUR,385
3851093,TEKNIK LINGKUNGAN,385
3851104,TEKNIK SIPIL,385
3851112,DESAIN KOMUNIKASI VISUAL,385
3861017,PENDIDIKAN MATEMATIKA,386
3861025,TEKNIK LINGKUNGAN,386
3861033,ARSITEKTUR,386
3861041,SISTEM INFORMASI,386
3861056,ILMU KELAUTAN,386
3861064,BIOLOGI,386
3861072,MATEMATIKA,386
3861087,PENDIDIKAN ILMU PENGETAHUAN ALAM,386
5111022,SOSIAL EKONOMI PERTANIAN (AGRIBISNIS),511
5111045,TEKNIK SIPIL,511
5111053,TEKNIK ELEKTRO,511
5111061,TEKNIK ARSITEKTUR,511
5111076,TEKNIK INFORMATIKA,511
5111084,TEKNIK INDUSTRI,511
5111092,TEKNIK LINGKUNGAN,511
5111103,PEND. MATEMATIKA,511
5111111,PEND. BIOLOGI,511
5111126,PEND. FISIKA,511
5111134,PEND. KIMIA,511
5111165,MATEMATIKA,511
5111173,FISIKA,511
5111181,KIMIA,511
5111196,BIOLOGI,511
5111207,PEND. DOKTER,511
5111215,FARMASI,511
5111223,SISTEM KOMPUTER,511
5111231,AGROTEKNOLOGI,511
5111246,KEHUTANAN,511
5111254,KEPERAWATAN,511
5111262,GEOFISIKA,511
5111277,ILMU KELAUTAN,511
5111285,PERENCANAAN WILAYAH KOTA,511
5111293,ILMU DAN TEKNOLOGI PANGAN,511
5111304,TEKNIK PERTAMBANGAN,511
5111312,PETERNAKAN,511
5111327,STATISTIK,511
5111335,TEKNIK KELAUTAN,511
5111343,TEKNIK KIMIA,511
5111351,TEKNIK MESIN,511
5111366,ILMU TANAH,511
5111374,SISTEM INFORMASI ,511
5211015,ILMU SOSIAL EKONOMI PERTANIAN (AGRIBISNIS),521
5211054,MANAJEMEN SUMBERDAYA PERAIRAN,521
5211062,BUDIDAYA PERAIRAN,521
5211085,TEKNIK SIPIL,521
5211093,ARSITEKTUR ,521
5211104,TEKNIK PERANGKAT LUNAK (TEK. INFORMATIKA),521
5211112,PEND. MATEMATIKA ,521
5211127,PEND. FISIKA ,521
5211135,PEND. KIMIA ,521
5211143,PEND. BIOLOGI ,521
5211151,PEND. TEKNIK MESIN ,521
5211166,TEKNIK PERTAMBANGAN,521
5211174,AGROTEKNOLOGI,521
5211182,KEHUTANAN,521
5211197,TEKNOLOGI HASIL PERIKANAN,521
5211201,PETERNAKAN,521
5211216,PENDIDIKAN TEKNIK BANGUNAN,521
5211224,PENDIDIKAN DOKTER,521
5211232,TEKNOLOGI INDUSTRI PERTANIAN,521
5211247,FISIKA,521
5211255,KIMIA,521
5211263,BIOLOGI,521
5311016,PEND. MATEMATIKA,531
5311024,PEND. BIOLOGI,531
5311032,PEND. KIMIA,531
5311047,AGROEKOTEKNOLOGI,531
5311055,AGRIBISNIS,531
5311063,PRODUKSI TERNAK,531
5311071,TEKNOLOGI INDUSTRI PERTANIAN,531
5311113,TEKNOLOGI HASIL PERIKANAN,531
5311121,BUDIDAYA PERAIRAN,531
5311136,PEMANFAATAN SD PERIKANAN,531
5311144,MANAJEMEN SD PERAIRAN,531
5311152,AGRIBISNIS PERIKANAN,531
5311167,ILMU KELAUTAN,531
5311175,TEKNIK SIPIL,531
5311183,TEKNIK ARSITEKTUR,531
5311191,TEKNIK PERTAMBANGAN,531
5311202,TEKNIK KIMIA,531
5311217,TEKNIK LINGKUNGAN,531
5311225,TEKNIK MESIN,531
5311233,PENDIDIKAN DOKTER,531
5311241,KESEHATAN MASYARAKAT,531
5311256,MATEMATIKA,531
5311264,KIMIA,531
5311272,BIOLOGI,531
5311287,FISIKA,531
5311295,FARMASI,531
5311306,ILMU KOMPUTER,531
5311314,KEHUTANAN,531
5311322,PEND. FISIKA,531
5311337,ILMU KEPERAWATAN,531
5311353,ILMU TANAH,531
5311361,PROTEKSI TANAMAN,531
5311376,AGRONOMI,531
5311384,KEDOKTERAN GIGI,531
5311392,PENDIDIKAN ILMU KOMPUTER ,531
5311403,PENDIDIKAN IPA,531
5311411,TEKNOLOGI INFORMASI,531
5311426,STATISTIKA,531
5311434,GEOGRAFI,531
5411017,AGROEKOTEKNOLOGI,541
5411025,AGRIBISNIS,541
5411033,TEKNOLOGI HASIL PERTANIAN,541
5411041,KEHUTANAN,541
5411056,PENDIDIKAN BIOLOGI,541
5411064,PENDIDIKAN KIMIA,541
5411072,PENDIDIKAN FISIKA,541
5411087,PENDIDIKAN MATEMATIKA,541
5411095,AKUAKULTUR,541
5411106,SOSIAL EKONOMI PERIKANAN,541
5411114,PENGELOLAAN SUMBERDAYA PERIKANAN,541
5411122,STATISTIKA,541
5411137,BIOLOGI,541
5411145,KIMIA,541
5411153,FISIKA,541
5411176,TEKNIK SIPIL,541
5411184,TEKNIK INDUSTRI,541
5411192,TEKNIK LINGKUNGAN,541
5411203,TEKNIK PERTAMBANGAN,541
5411211,PENDIDIKAN DOKTER,541
5411226,KESEHATAN MASYARAKAT,541
5411234,FARMASI,541
5411242,PETERNAKAN,541
5411257,TEKNIK KIMIA,541
5411265,INFORMATIKA,541
5411281,TEKNIK GEOLOGI,541
5411307,TEKNIK ELEKTRO,541
5411315,TEKNOLOGI HASIL PERIKANAN,541
5411323,KEDOKTERAN GIGI,541
5411331,MATEMATIKA,541
5411346,ILMU KELAUTAN,541
5411354,GEOFISIKA,541
5411362,PENDIDIKAN KOMPUTER,541
5411377,FARMASI KLINIS,541
5411385,SISTEM INFORMASI,541
5421012,FISIKA,542
5421027,MATEMATIKA,542
5421035,TEKNIK MESIN,542
5421043,TEKNIK ELEKTRO,542
5421051,TEKNIK KIMIA,542
5421066,TEKNIK MATERIAL DAN METALURGI,542
5421074,TEKNIK SIPIL,542
5421082,PERENCANAAN WILAYAH DAN KOTA,542
5421097,TEKNIK PERKAPALAN,542
5421101,SISTEM INFORMASI,542
5421116,TEKNIK INDUSTRI,542
5421124,INFORMATIKA,542
5421132,TEKNIK LINGKUNGAN,542
5421147,TEKNIK KELAUTAN,542
5511011,TEKNIK ELEKTRO,551
5511026,TEKNIK SIPIL,551
5511034,AGRIBISNIS,551
5511042,AGROTEKNOLOGI,551
5511073,PENDIDIKAN MATEMATIKA,551
5511081,PENDIDIKAN BIOLOGI,551
5511096,MANAJEMEN SUMBER DAYA PERAIRAN,551
5511107,AKUAKULTUR,551
5511115,TEKNOLOGI HASIL PERIKANAN,551
5511123,TEKNIK MESIN,551
5511131,KEPERAWATAN,551
5511146,KEBIDANAN,551
6111014,PENDIDIKAN DOKTER,611
6111022,KEDOKTERAN HEWAN,611
6111037,TEKNIK ARSITEKTUR,611
6111045,TEKNIK SIPIL,611
6111053,ILMU DAN TEKNOLOGI PANGAN,611
6111061,TEKNOLOGI INDUSTRI PERTANIAN,611
6111076,TEKNIK PERTANIAN,611
6111084,BIOLOGI,611
6111092,KIMIA,611
6111103,FISIKA,611
6111111,TEKNIK MESIN,611
6111126,TEKNIK ELEKTRO,611
6111134,AGRIBISNIS,611
6111142,AGROEKOTEKNOLOGI,611
6111157,PETERNAKAN,611
6111165,MATEMATIKA,611
6111173,ILMU KESEHATAN MASYARAKAT,611
6111181,FARMASI,611
6111196,ILMU KEPERAWATAN,611
6111207,ILMU KOMPUTER/TEKNIK INFORMATIKA,611
6111215,TEKNOLOGI INFORMASI,611
6111223,FISIOTERAPI,611
6111231,ILMU KELAUTAN,611
6111246,ARSITEKTUR PERTAMANAN,611
6111254,MANAJEMEN SUMBER DAYA PERAIRAN,611
6111262,PENDIDIKAN DOKTER GIGI,611
6111277,TEKNIK LINGKUNGAN,611
6111285,TEKNIK INDUSTRI,611
6121016,PENDIDIKAN MATEMATIKA,612
6121024,PENDIDIKAN BIOLOGI,612
6121032,PENDIDIKAN KIMIA,612
6121047,PENDIDIKAN FISIKA,612
6121055,PENDIDIKAN TEKNIK INFORMATIKA,612
6121063,ILMU KEOLAHRAGAAN,612
6121071,PENDIDIKAN TEKNIK ELEKTRO,612
6121136,PENDIDIKAN TEKNIK MESIN,612
6121144,PENDIDIKAN IPA,612
6121152,KIMIA,612
6121167,MATEMATIKA,612
6121175,BIOLOGI,612
6121183,AKUAKULTUR,612
6121191,SISTEM INFORMASI,612
6121202,ILMU KOMPUTER,612
6121217,KEDOKTERAN,612
6211015,AGROEKOTEKNOLOGI,621
6211023,AGRIBISNIS,621
6211062,KEHUTANAN,621
6211104,PENDIDIKAN BIOLOGI,621
6211112,PENDIDIKAN KIMIA,621
6211127,PENDIDIKAN FISIKA,621
6211135,PENDIDIKAN MATEMATIKA,621
6211143,TEKNIK SIPIL,621
6211151,TEKNIK MESIN,621
6211166,TEKNIK ELEKTRO,621
6211174,BIOLOGI,621
6211182,MATEMATIKA,621
6211197,FISIKA,621
6211201,KIMIA,621
6211216,PETERNAKAN,621
6211224,PENDIDIKAN DOKTER,621
6211232,ILMU DAN TEKNOLOGI PANGAN,621
6211247,KETEKNIKAN PERTANIAN,621
6211255,BUDIDAYA PERAIRAN,621
6211263,TEKNIK INFORMATIKA,621
6211271,FARMASI,621
6211286,ILMU TANAH,621
6211294,ILMU KELAUTAN,621
6211305,ARSITEKTUR,621
6211313,ILMU LINGKUNGAN,621
6311016,PEND. MATEMATIKA,631
6311024,PEND. BIOLOGI,631
6311032,PEND. FISIKA,631
6311047,PEND. KIMIA,631
6311055,PEND. TEKNIK BANGUNAN,631
6311063,PEND. TEKNIK MESIN,631
6311071,PEND. TEKNIK ELEKTRO,631
6311086,AGRONOMI/AGROEKOTEKNOLOGI,631
6311094,AGRIBISNIS,631
6311113,ILMU PETERNAKAN,631
6311121,ILMU KESEHATAN MASYARAKAT,631
6311136,MATEMATIKA,631
6311144,BIOLOGI,631
6311152,FISIKA,631
6311167,KIMIA,631
6311175,TEKNIK SIPIL,631
6311183,TEKNIK ELEKTRO,631
6311191,TEKNIK MESIN,631
6311202,ILMU KOMPUTER,631
6311217,TEKNIK ARSITEKTUR,631
6311225,TEKNIK PERTAMBANGAN,631
6311233,PENDIDIKAN DOKTER,631
6311241,BUDIDAYA PERIKANAN,631
6311256,KEDOKTERAN HEWAN,631
6311264,KEHUTANAN,631
6311272,MANAJEMEN SUMBER DAYA PERAIRAN,631
6321011,AGRIBISNIS,632
6321026,AGROTEKNOLOGI,632
6321034,PETERNAKAN,632
6321042,PEND. BIOLOGI,632
6321057,PEND. MATEMATIKA,632
6321065,BIOLOGI,632
6321073,MATEMATIKA,632
6321081,KIMIA,632
6321096,TEKNOLOGI INFORMASI,632
7111014,MATEMATIKA,711
7111022,FISIKA ,711
7111037,KESEHATAN MASYARAKAT ,711
7111045,FARMASI ,711
7111053,KIMIA ,711
7111061,BIOLOGI ,711
7111076,PENDIDIKAN DOKTER,711
7111084,AGROTEKNOLOGI ,711
7111092,ILMU DAN TEKNOLOGI PANGAN ,711
7111103,AGRIBISNIS ,711
7111111,KETEKNIKAN PERTANIAN ,711
7111142,TEKNIK SIPIL ,711
7111157,TEKNIK MESIN ,711
7111165,TEKNIK ELEKTRO ,711
7111173,TEKNIK PERKAPALAN ,711
7111181,TEKNIK GEOLOGI ,711
7111196,PENDIDIKAN DOKTER GIGI ,711
7111207,TEKNIK ARSITEKTUR ,711
7111215,KEHUTANAN ,711
7111231,GEOFISIKA ,711
7111246,STATISTIKA ,711
7111254,ILMU GIZI ,711
7111262,ILMU KELAUTAN ,711
7111277,BUDIDAYA PERAIRAN ,711
7111285,MANAJEMEN SUMBERDAYA PERAIRAN ,711
7111293,PEMANFAATAN SUMBERDAYA PERIKANAN ,711
7111304,SOSIAL EKONOMI PERIKANAN ,711
7111312,ILMU KEPERAWATAN,711
7111327,PETERNAKAN,711
7111335,TEKNIK KELAUTAN ,711
7111343,TEKNIK INDUSTRI ,711
7111351,TEKNIK SISTEM PERKAPALAN ,711
7111366,TEKNIK PENGEMB. WILAYAH KOTA ,711
7111374,TEKNIK PERTAMBANGAN ,711
7111382,TEKNIK INFORMATIKA ,711
7111397,FISOTERAPI ,711
7111401,TEKNIK LINGKUNGAN ,711
7111416,KEDOKTERAN HEWAN,711
7111424,PSIKOLOGI,711
7111432,ILMU KOMPUTER,711
7111447,ILMU AKTUARIA,711
7111455,REKAYASA KEHUTANAN,711
7121016,PENDIDIKAN MATEMATIKA,712
7121024,PENDIDIKAN FISIKA,712
7121032,PENDIDIKAN KIMIA,712
7121047,PENDIDIKAN BIOLOGI,712
7121055,MATEMATIKA,712
7121063,FISIKA,712
7121071,KIMIA,712
7121086,BIOLOGI,712
7121094,GEOGRAFI,712
7121105,PENDIDIKAN TEKNIK ELEKTRO,712
7121113,PEND. TEKNIK ELEKTRONIKA,712
7121121,PENDIDIKAN TEKNIK MESIN,712
7121136,PEND. TEKNIK OTOMOTIF,712
7121144,PENDIDIKAN TEKNIK BANGUNAN,712
7121152,ILMU KEOLAHRAGAAN,712
7121167,PENDIDIKAN TEKNIK INFORMATIKA & KOMPUTER,712
7121175,PEND. KIMIA KLS INTERNASIONAL (BILINGUAL),712
7121183,PEND. MATEMATIKA KLS INTERNAS. (BILINGUAL),712
7121191,DESAIN KOMUNIKASI VISUAL,712
7121202,PEND. BIOLOGI KLS INTERNASIONAL (BILINGUAL),712
7121217,PEND. FISIKA KLS INTERNASIONAL (BILINGUAL),712
7121225,PENDIDIKAN TEKNOLOGI PERTANIAN,712
7121241,PENDIDIKAN IPA,712
7121256,PENDIDIKAN IPA KLS INTERNASIONAL (BILINGUAL),712
7121264,STATISTIKA,712
7121272,PENDIDIKAN VOKASIONAL MEKATRONIKA,712
7121287,TEKNIK KOMPUTER,712
7121295,ADMINISTRASI KESEHATAN,712
7121306,GIZI,712
7121314,ARSITEKTUR,712
7131011,MATEMATIKA,713
7131034,KIMIA,713
7131065,TEKNIK PERENCANAAN WILAYAH DAN KOTA,713
7131073,TEKNIK ARSITEKTUR,713
7131081,ILMU PETERNAKAN,713
7131154,SISTEM INFORMASI,713
7131162,PENDIDIKAN DOKTER,713
7211015,PENDIDIKAN DOKTER,721
7211023,PENDIDIKAN DOKTER GIGI,721
7211031,ILMU KESEHATAN MASYARAKAT,721
7211046,ILMU KEPERAWATAN,721
7211054,TEKNIK ELEKTRO,721
7211062,TEKNIK MESIN ,721
7211077,TEKNIK SIPIL,721
7211085,ARSITEKTUR,721
7211093,PERENCANAAN WILAYAH DAN KOTA,721
7211104,TEKNIK PERTANIAN,721
7211112,TEKNOLOGI PANGAN,721
7211127,MATEMATIKA,721
7211135,FISIKA,721
7211143,BIOLOGI,721
7211151,KIMIA,721
7211166,AGRIBISNIS,721
7211174,AGROEKOTEKNOLOGI,721
7211182,PETERNAKAN,721
7211197,ILMU KELAUTAN ,721
7211201,MANAJEMEN SUMBERDAYA PERAIRAN,721
7211216,BUDIDAYA PERAIRAN,721
7211224,TEKNOLOGI HASIL PERIKANAN,721
7211232,AGROBISNIS PERIKANAN,721
7211247,PEMANFAATAN SUMBERDAYA PERIKANAN,721
7211255,KEHUTANAN,721
7211263,INFORMATIKA,721
7211271,FARMASI,721
7211286,TEKNIK LINGKUNGAN,721
7211294,SISTEM INFORMASI,721
7211305,ILMU TANAH,721
7211313,AGRONOMI,721
7211321,PROTEKSI TANAMAN,721
7221017,PEND. BIOLOGI,722
7221025,ILMU BIOLOGI,722
7221033,PEND. KIMIA,722
7221041,ILMU KIMIA,722
7221056,PEND. FISIKA,722
7221064,ILMU FISIKA,722
7221072,PEND. MATEMATIKA,722
7221087,PEND. TEK BANGUNAN,722
7221095,PEND. TEK ELEKTRO,722
7221106,PEND. INF./KOM,722
7221114,PEND. TEK MESIN,722
7221122,ILMU GEOGRAFI,722
7221137,ILMU KEOLAHRAGAAN,722
7221176,PENDIDIKAN IPA,722
7221346,ARSITEKTUR,722
7221354,TEKNIK INFORMATIKA,722
7221362,TEKNIK SIPIL,722
7221377,ILMU KESEHATAN MASYARAKAT,722
7221385,TEKNIK MESIN,722
7311016,PEND. BIOLOGI,731
7311024,PEND. MATEMATIKA,731
7311032,PEND. FISIKA,731
7311047,PEND. KIMIA,731
7311055,AGROTEKNOLOGI,731
7311063,KEHUTANAN,731
7311071,AGRIBISNIS,731
7311086,PETERNAKAN,731
7311105,TEKNIK SIPIL,731
7311113,TEKNIK ARSITEKTUR,731
7311121,TEKNIK MESIN,731
7311136,TEKNIK ELEKTRO,731
7311144,FISIKA,731
7311152,MATEMATIKA,731
7311167,KIMIA,731
7311175,BIOLOGI,731
7311183,PEND. DOKTER,731
7311191,KESEHATAN MASYARAKAT,731
7311202,BUDIDAYA PERAIRAN,731
7311217,FARMASI,731
7311225,TEKNIK INFORMATIKA,731
7311233,STATISTIKA,731
7311241,TEKNIK GEOLOGI,731
7311256,PERENCANAAN WILAYAH DAN KOTA,731
7311264,GIZI,731
7311272,TEKNIK GEO FISIKA,731
7311287,AGROTEKNOLOGI (PSDKU MOROWALI),731
7311295,TEKNIK SIPIL (PSDKU MOROWALI),731
7311306,AGROTEKNOLOGI (PSDKU TOUNA),731
7311314,TEKNIK SIPIL (PSDKU TOUNA),731
7311322,TEKNIK LINGKUNGAN,731
7311337,SISTEM INFORMASI,731
7411017,AGRIBISNIS ,741
7411025,KEHUTANAN ,741
7411033,KEPERAWATAN ,741
7411041,TEKNIK SIPIL,741
7411056,TEKNIK INFORMATIKA,741
7411064,MATEMATIKA ,741
7411072,PEND. MATEMATIKA,741
7411087,PEND. BIOLOGI,741
7411095,PEND. FISIKA,741
7411106,PETERNAKAN,741
7411114,BUDIDAYA PERAIRAN,741
7411122,PERIKANAN TANGKAP,741
7411137,AGROEKOTEKNOLOGI,741
7411145,PERENCANAAN WILAYAH DAN KOTA,741
7411153,STATISTIKA,741
7411161,GIZI,741
7511011,AGRIBISNIS,751
7511026,AGROTEKNOLOGI / AGROEKOTEKNOLOGI,751
7511034,PETERNAKAN,751
7511057,MANAJEMEN SUMBERDAYA PERAIRAN,751
7511065,BUDIDAYA PERAIRAN,751
7511073,MATEMATIKA,751
7511081,FISIKA,751
7511096,KIMIA,751
7511107,BIOLOGI,751
7511115,ILMU KESEHATAN MASYARAKAT,751
7511123,PENDIDIKAN MATEMATIKA,751
7511131,PENDIDIKAN BIOLOGI,751
7511146,PENDIDIKAN FISIKA,751
7511154,PENDIDIKAN KIMIA,751
7511162,TEKNIK SIPIL,751
7511177,TEKNIK ARSITEKTUR,751
7511185,TEKNIK MESIN,751
7511193,TEKNIK ELEKTRO,751
7511204,TEKNIK INFORMATIKA,751
7511212,PENDIDIKAN DOKTER,751
7511227,KEHUTANAN,751
7511235,ILMU DAN TEKNOLOGI PANGAN,751
7511243,FARMASI,751
7511251,AGROBISNIS PERIKANAN,751
7511266,TEKNIK GEOFISIKA,751
7511282,TEKNIK GEOLOGI,751
7511297,ILMU KELAUTAN,751
7511301,ILMU LINGKUNGAN,751
7511316,TEKNIK PERTAMBANGAN,751
7511324,TEKNOLOGI HASIL PERIKANAN,751
7511332,GEOGRAFI,751
7511347,ILMU TANAH,751
7511355,PROTEKSI TANAMAN,751
7511363,PENYULUHAN PERTANIAN,751
7511371,BIOTEKNOLOGI,751
7511386,ILMU KEOLAHRAGAAN,751
7511394,OSEANOGRAFI,751
7511405,PERIKANAN TANGKAP,751
7511413,STATISTIKA,751
7511421,ILMU KOMPUTER,751
7511436,REKAYASA INFRASTRUKTUR DAN LINGKUNGAN,751
7511444,TEKNIK KELAUTAN,751
7511452,GIZI,751
7521013,PENDIDIKAN MATEMATIKA,752
7521021,PENDIDIKAN FISIKA,752
7521036,PENDIDIKAN BIOLOGI,752
7521044,PENDIDIKAN KIMIA,752
7521075,AGROTEKNOLOGI,752
7521083,SISTEM INFORMASI,752
7521091,TEKNIK ELEKTRO,752
7521102,AGRIBISNIS,752
7521117,KESEHATAN MASYARAKAT,752
7521125,MANAJAMEN SUMBERDAYA PERAIRAN,752
7521133,PETERNAKAN,752
7521141,BUDIDAYA PERAIRAN,752
7521164,KEPERAWATAN,752
7521172,TEKNOLOGI HASIL PERIKANAN,752
7521187,TEKNIK SIPIL,752
7521195,TEKNIK ARSITEKTUR,752
7521206,FARMASI,752
7521214,TEKNIK GEOLOGI,752
7521222,PENDIDIKAN VOKASIONAL KONSTRUKSI BANGUNAN,752
7521237,PENDIDIKAN TEKNOLOGI INFORMASI,752
7521245,TEKNIK INDUSTRI,752
7521253,ILMU TEKNOLOGI PANGAN,752
7521276,PENDIDIKAN TEKNIK MESIN,752
7521284,KIMIA,752
7521292,BIOLOGI,752
7521303,FISIKA,752
7521311,MATEMATIKA,752
7521326,STATISTIKA,752
7521334,PENDIDIKAN ILMU PENGETAHUAN ALAM,752
7521342,KEDOKTERAN,752
7531015,PENDIDIKAN MATEMATIKA,753
7531023,SISTEM INFORMASI,753
7531031,TEKNIK SIPIL,753
7531046,TEKNIK PERTAMBANGAN,753
7531054,AGRIBISNIS,753
7531062,AGROTEKNOLOGI,753
7531077,PETERNAKAN,753
7531085,ILMU PERIKANAN,753
7531093,PENDIDIKAN BIOLOGI,753
7531104,PENDIDIKAN KIMIA,753
7531112,TEKNOLOGI HASIL PERTANIAN,753
7531127,KIMIA,753
7531135,ILMU KOMPUTER,753
7531143,FARMASI,753
7531151,PENDIDIKAN FISIKA,753
7531166,ILMU KELAUTAN,753
7531174,TEKNIK MESIN,753
7531182,TEKNIK PERKAPALAN,753
7531197,MATEMATIKA,753
8111014,PEND. BIOLOGI,811
8111022,PEND. FISIKA,811
8111037,PEND. MATEMATIKA,811
8111045,PEND. KIMIA,811
8111053,AGRIBISNIS,811
8111061,AGROTEKNOLOGI,811
8111076,TEK. HASIL PERTANIAN,811
8111084,KEHUTANAN,811
8111092,PETERNAKAN,811
8111103,TEKNIK PERKAPALAN,811
8111111,TEKNIK SISTIM PERKAPALAN,811
8111126,TEKNIK  MESIN,811
8111134,TEKNIK INDUSTRI,811
8111142,MAJEMEN SUMB.PERAIRAN,811
8111157,IL. KELAUTAN,811
8111165,BUDIDAYA PERAIRAN,811
8111173,PEMANFAATAN SD PERIKANAN,811
8111181,TEK. HASIL PERIKANAN,811
8111196,AGROBISNIS PERIKANAN,811
8111207,MATEMATIKA,811
8111215,FISIKA,811
8111223,KIMIA,811
8111231,BIOLOGI,811
8111246,PENDIDIKAN DOKTER,811
8111254,PERENCANAAN WILAYAH DAN KOTA,811
8111262,TEKNIK SIPIL,811
8111277,PEMULIAAN TANAMAN,811
8111285,ILMU TANAH,811
8111293,TEKNIK GEOLOGI,811
8111304,STATISTIKA,811
8111312,PETERNAKAN (PSDKU KAB. MBD),811
8111327,PENDIDIKAN MATEMATIKA (PSDKU KAB. MBD),811
8111335,PENDIDIKAN MATEMATIKA (PSDKU KAB. ARU),811
8111343,TEKNIK GEOFISIKA,811
8111351,TEKNIK PERMINYAKAN,811
8211015,TEKNIK SIPIL,821
8211023,TEKNIK MESIN,821
8211031,TEKNIK ELEKTRO,821
8211046,ARSITEKTUR,821
8211062,TEKNOLOGI PERTANIAN,821
8211085,PETERNAKAN,821
8211093,MANAJEMEN SUMBERDAYA PERAIRAN,821
8211104,ILMU KELAUTAN,821
8211112,PEMANFAATAN SUMBERDAYA PERAIRAN,821
8211127,BUDIDAYA PERAIRAN,821
8211135,PEND. MATEMATIKA,821
8211143,PEND. BIOLOGI,821
8211151,PEND. FISIKA,821
8211166,PEND. KIMIA,821
8211174,AGROTEKNOLOGI,821
8211182,TEKNIK INFORMATIKA,821
8211197,KEHUTANAN,821
8211201,TEKNIK PERTAMBANGAN,821
8211216,AGRIBISNIS,821
8211224,PENDIDIKAN DOKTER,821
8211232,ILMU TANAH,821
8211247,FARMASI,821
9111014,MATEMATIKA,911
9111022,BIOLOGI,911
9111037,KIMIA,911
9111045,FISIKA,911
9111053,ILMU KESEHATAN MASYARAKAT,911
9111061,PEND. MATEMATIKA,911
9111076,PEND. BIOLOGI,911
9111084,PEND. KIMIA,911
9111092,PEND. FISIKA,911
9111103,TEKNIK SIPIL,911
9111111,TEKNIK ELEKTRO,911
9111126,PENDIDIKAN DOKTER,911
9111134,ILMU KEPERAWATAN,911
9111142,TEKNIK MESIN,911
9111157,TEKNIK PERTAMBANGAN,911
9111165,ILMU KELAUTAN,911
9111173,FARMASI,911
9111181,SISTEM INFORMASI,911
9111196,TEKNIK GEOFISIKA,911
9111207,PERENCANAAN WILAYAH DAN KOTA/PLANOLOGI,911
9111215,ILMU KEOLAHRAGAAN,911
9111223,ILMU PERIKANAN,911
9111231,STATISTIKA,911
9121016,TEKNIK ELEKTRO,912
9121024,TEKNIK MESIN,912
9121032,TEKNIK SIPIL,912
9121047,ARSITEKTUR,912
9121055,KETEKNIKAN PERTANIAN,912
9121063,AGRIBISNIS,912
9121071,AGROTEKNOLOGI,912
9121086,PETERNAKAN,912
9121094,MANAJEMEN SUMBERDAYA PERAIRAN,912
9121105,TEKNIK INFORMATIKA,912
9121113,SISTEM INFORMASI,912
9121121,PENDIDIKAN MATEMATIKA,912
9121136,PENDIDIKAN FISIKA,912
9121144,PENDIDIKAN KIMIA,912
9121152,PENDIDIKAN KOMPUTER,912
9211104,TEKNOLOGI HASIL PERTANIAN,921
9211127,MANAJEMEN SUMBERDAYA PERAIRAN,921
9211135,ILMU KELAUTAN,921
9211166,MATEMATIKA,921
9211174,FISIKA,921
9211182,BIOLOGI,921
9211197,KIMIA,921
9211201,AGRIBISNIS,921
9211216,AGROTEKNOLOGI,921
9211224,PETERNAKAN,921
9211232,KEHUTANAN,921
9211247,TEKNIK INFORMATIKA,921
9211255,TEKNIK PERTAMBANGAN,921
9211263,TEKNIK ELEKTRO,921
9211271,PENDIDIKAN BIOLOGI,921
9211286,PENDIDIKAN MATEMATIKA,921
9211294,PENDIDIKAN KIMIA,921
9211305,TEKNIK GEOLOGI,921
9211313,PENDIDIKAN FISIKA,921
9211321,ILMU TANAH,921
9211336,NUTRISI DAN TEKNOLOGI PAKAN TERNAK,921
9211344,TEKNIK PERTANIAN DAN BIOSISTEM,921
9211352,TEKNIK SIPIL,921